Workbook

Sheet Carteira
A1: Cliente | B1: CNPJ | C1: Regime | D1: Setor | E1: 1. O cliente pediu a opção para 2027 e recebeu algum Termo de Indeferimento? | F1: 2. Mais da metade do faturamento do cliente vai para empresas do Presumido ou do Real? | G1: 3. O cliente tem FGTS ou contribuição da LC 110 inscritos em dívida ativa? | H1: 4. O cliente presta serviço e ainda não emitiu nenhuma nota pelo Emissor Nacional? | I1: O que fazer
I2: =IF(LEN(IF(E2="Sim",Itens!$C$2&" ("&Itens!$D$2&", até "&Itens!$E$2&")",""))>0,IF(E2="Sim",Itens!$C$2&" ("&Itens!$D$2&", até "&Itens!$E$2&")","")&" | ","")&IF(LEN(IF(F2="Sim",Itens!$C$3&" ("&Itens!$D$3&", até "&Itens!$E$3&")",""))>0,IF(F2="Sim",Itens!$C$3&" ("&Itens!$D$3&", até "&Itens!$E$3&")","")&" | ","")&IF(LEN(IF(G2="Sim",Itens!$C$4&" ("&Itens!$D$4&", até "&Itens!$E$4&")",""))>0,IF(G2="Sim",Itens!$C$4&" ("&Itens!$D$4&", até "&Itens!$E$4&")","")&" | ","")&IF(LEN(IF(H2="Sim",Itens!$C$5&" ("&Itens!$D$5&", até "&Itens!$E$5&")",""))>0,IF(H2="Sim",Itens!$C$5&" ("&Itens!$D$5&", até "&Itens!$E$5&")","")&" | ","")
I3: =IF(LEN(IF(E3="Sim",Itens!$C$2&" ("&Itens!$D$2&", até "&Itens!$E$2&")",""))>0,IF(E3="Sim",Itens!$C$2&" ("&Itens!$D$2&", até "&Itens!$E$2&")","")&" | ","")&IF(LEN(IF(F3="Sim",Itens!$C$3&" ("&Itens!$D$3&", até "&Itens!$E$3&")",""))>0,IF(F3="Sim",Itens!$C$3&" ("&Itens!$D$3&", até "&Itens!$E$3&")","")&" | ","")&IF(LEN(IF(G3="Sim",Itens!$C$4&" ("&Itens!$D$4&", até "&Itens!$E$4&")",""))>0,IF(G3="Sim",Itens!$C$4&" ("&Itens!$D$4&", até "&Itens!$E$4&")","")&" | ","")&IF(LEN(IF(H3="Sim",Itens!$C$5&" ("&Itens!$D$5&", até "&Itens!$E$5&")",""))>0,IF(H3="Sim",Itens!$C$5&" ("&Itens!$D$5&", até "&Itens!$E$5&")","")&" | ","")
I4: =IF(LEN(IF(E4="Sim",Itens!$C$2&" ("&Itens!$D$2&", até "&Itens!$E$2&")",""))>0,IF(E4="Sim",Itens!$C$2&" ("&Itens!$D$2&", até "&Itens!$E$2&")","")&" | ","")&IF(LEN(IF(F4="Sim",Itens!$C$3&" ("&Itens!$D$3&", até "&Itens!$E$3&")",""))>0,IF(F4="Sim",Itens!$C$3&" ("&Itens!$D$3&", até "&Itens!$E$3&")","")&" | ","")&IF(LEN(IF(G4="Sim",Itens!$C$4&" ("&Itens!$D$4&", até "&Itens!$E$4&")",""))>0,IF(G4="Sim",Itens!$C$4&" ("&Itens!$D$4&", até "&Itens!$E$4&")","")&" | ","")&IF(LEN(IF(H4="Sim",Itens!$C$5&" ("&Itens!$D$5&", até "&Itens!$E$5&")",""))>0,IF(H4="Sim",Itens!$C$5&" ("&Itens!$D$5&", até "&Itens!$E$5&")","")&" | ","")
I5: =IF(LEN(IF(E5="Sim",Itens!$C$2&" ("&Itens!$D$2&", até "&Itens!$E$2&")",""))>0,IF(E5="Sim",Itens!$C$2&" ("&Itens!$D$2&", até "&Itens!$E$2&")","")&" | ","")&IF(LEN(IF(F5="Sim",Itens!$C$3&" ("&Itens!$D$3&", até "&Itens!$E$3&")",""))>0,IF(F5="Sim",Itens!$C$3&" ("&Itens!$D$3&", até "&Itens!$E$3&")","")&" | ","")&IF(LEN(IF(G5="Sim",Itens!$C$4&" ("&Itens!$D$4&", até "&Itens!$E$4&")",""))>0,IF(G5="Sim",Itens!$C$4&" ("&Itens!$D$4&", até "&Itens!$E$4&")","")&" | ","")&IF(LEN(IF(H5="Sim",Itens!$C$5&" ("&Itens!$D$5&", até "&Itens!$E$5&")",""))>0,IF(H5="Sim",Itens!$C$5&" ("&Itens!$D$5&", até "&Itens!$E$5&")","")&" | ","")
I6: =IF(LEN(IF(E6="Sim",Itens!$C$2&" ("&Itens!$D$2&", até "&Itens!$E$2&")",""))>0,IF(E6="Sim",Itens!$C$2&" ("&Itens!$D$2&", até "&Itens!$E$2&")","")&" | ","")&IF(LEN(IF(F6="Sim",Itens!$C$3&" ("&Itens!$D$3&", até "&Itens!$E$3&")",""))>0,IF(F6="Sim",Itens!$C$3&" ("&Itens!$D$3&", até "&Itens!$E$3&")","")&" | ","")&IF(LEN(IF(G6="Sim",Itens!$C$4&" ("&Itens!$D$4&", até "&Itens!$E$4&")",""))>0,IF(G6="Sim",Itens!$C$4&" ("&Itens!$D$4&", até "&Itens!$E$4&")","")&" | ","")&IF(LEN(IF(H6="Sim",Itens!$C$5&" ("&Itens!$D$5&", até "&Itens!$E$5&")",""))>0,IF(H6="Sim",Itens!$C$5&" ("&Itens!$D$5&", até "&Itens!$E$5&")","")&" | ","")
I7: =IF(LEN(IF(E7="Sim",Itens!$C$2&" ("&Itens!$D$2&", até "&Itens!$E$2&")",""))>0,IF(E7="Sim",Itens!$C$2&" ("&Itens!$D$2&", até "&Itens!$E$2&")","")&" | ","")&IF(LEN(IF(F7="Sim",Itens!$C$3&" ("&Itens!$D$3&", até "&Itens!$E$3&")",""))>0,IF(F7="Sim",Itens!$C$3&" ("&Itens!$D$3&", até "&Itens!$E$3&")","")&" | ","")&IF(LEN(IF(G7="Sim",Itens!$C$4&" ("&Itens!$D$4&", até "&Itens!$E$4&")",""))>0,IF(G7="Sim",Itens!$C$4&" ("&Itens!$D$4&", até "&Itens!$E$4&")","")&" | ","")&IF(LEN(IF(H7="Sim",Itens!$C$5&" ("&Itens!$D$5&", até "&Itens!$E$5&")",""))>0,IF(H7="Sim",Itens!$C$5&" ("&Itens!$D$5&", até "&Itens!$E$5&")","")&" | ","")
I8: =IF(LEN(IF(E8="Sim",Itens!$C$2&" ("&Itens!$D$2&", até "&Itens!$E$2&")",""))>0,IF(E8="Sim",Itens!$C$2&" ("&Itens!$D$2&", até "&Itens!$E$2&")","")&" | ","")&IF(LEN(IF(F8="Sim",Itens!$C$3&" ("&Itens!$D$3&", até "&Itens!$E$3&")",""))>0,IF(F8="Sim",Itens!$C$3&" ("&Itens!$D$3&", até "&Itens!$E$3&")","")&" | ","")&IF(LEN(IF(G8="Sim",Itens!$C$4&" ("&Itens!$D$4&", até "&Itens!$E$4&")",""))>0,IF(G8="Sim",Itens!$C$4&" ("&Itens!$D$4&", até "&Itens!$E$4&")","")&" | ","")&IF(LEN(IF(H8="Sim",Itens!$C$5&" ("&Itens!$D$5&", até "&Itens!$E$5&")",""))>0,IF(H8="Sim",Itens!$C$5&" ("&Itens!$D$5&", até "&Itens!$E$5&")","")&" | ","")
I9: =IF(LEN(IF(E9="Sim",Itens!$C$2&" ("&Itens!$D$2&", até "&Itens!$E$2&")",""))>0,IF(E9="Sim",Itens!$C$2&" ("&Itens!$D$2&", até "&Itens!$E$2&")","")&" | ","")&IF(LEN(IF(F9="Sim",Itens!$C$3&" ("&Itens!$D$3&", até "&Itens!$E$3&")",""))>0,IF(F9="Sim",Itens!$C$3&" ("&Itens!$D$3&", até "&Itens!$E$3&")","")&" | ","")&IF(LEN(IF(G9="Sim",Itens!$C$4&" ("&Itens!$D$4&", até "&Itens!$E$4&")",""))>0,IF(G9="Sim",Itens!$C$4&" ("&Itens!$D$4&", até "&Itens!$E$4&")","")&" | ","")&IF(LEN(IF(H9="Sim",Itens!$C$5&" ("&Itens!$D$5&", até "&Itens!$E$5&")",""))>0,IF(H9="Sim",Itens!$C$5&" ("&Itens!$D$5&", até "&Itens!$E$5&")","")&" | ","")
I10: =IF(LEN(IF(E10="Sim",Itens!$C$2&" ("&Itens!$D$2&", até "&Itens!$E$2&")",""))>0,IF(E10="Sim",Itens!$C$2&" ("&Itens!$D$2&", até "&Itens!$E$2&")","")&" | ","")&IF(LEN(IF(F10="Sim",Itens!$C$3&" ("&Itens!$D$3&", até "&Itens!$E$3&")",""))>0,IF(F10="Sim",Itens!$C$3&" ("&Itens!$D$3&", até "&Itens!$E$3&")","")&" | ","")&IF(LEN(IF(G10="Sim",Itens!$C$4&" ("&Itens!$D$4&", até "&Itens!$E$4&")",""))>0,IF(G10="Sim",Itens!$C$4&" ("&Itens!$D$4&", até "&Itens!$E$4&")","")&" | ","")&IF(LEN(IF(H10="Sim",Itens!$C$5&" ("&Itens!$D$5&", até "&Itens!$E$5&")",""))>0,IF(H10="Sim",Itens!$C$5&" ("&Itens!$D$5&", até "&Itens!$E$5&")","")&" | ","")
I11: =IF(LEN(IF(E11="Sim",Itens!$C$2&" ("&Itens!$D$2&", até "&Itens!$E$2&")",""))>0,IF(E11="Sim",Itens!$C$2&" ("&Itens!$D$2&", até "&Itens!$E$2&")","")&" | ","")&IF(LEN(IF(F11="Sim",Itens!$C$3&" ("&Itens!$D$3&", até "&Itens!$E$3&")",""))>0,IF(F11="Sim",Itens!$C$3&" ("&Itens!$D$3&", até "&Itens!$E$3&")","")&" | ","")&IF(LEN(IF(G11="Sim",Itens!$C$4&" ("&Itens!$D$4&", até "&Itens!$E$4&")",""))>0,IF(G11="Sim",Itens!$C$4&" ("&Itens!$D$4&", até "&Itens!$E$4&")","")&" | ","")&IF(LEN(IF(H11="Sim",Itens!$C$5&" ("&Itens!$D$5&", até "&Itens!$E$5&")",""))>0,IF(H11="Sim",Itens!$C$5&" ("&Itens!$D$5&", até "&Itens!$E$5&")","")&" | ","")
I12: =IF(LEN(IF(E12="Sim",Itens!$C$2&" ("&Itens!$D$2&", até "&Itens!$E$2&")",""))>0,IF(E12="Sim",Itens!$C$2&" ("&Itens!$D$2&", até "&Itens!$E$2&")","")&" | ","")&IF(LEN(IF(F12="Sim",Itens!$C$3&" ("&Itens!$D$3&", até "&Itens!$E$3&")",""))>0,IF(F12="Sim",Itens!$C$3&" ("&Itens!$D$3&", até "&Itens!$E$3&")","")&" | ","")&IF(LEN(IF(G12="Sim",Itens!$C$4&" ("&Itens!$D$4&", até "&Itens!$E$4&")",""))>0,IF(G12="Sim",Itens!$C$4&" ("&Itens!$D$4&", até "&Itens!$E$4&")","")&" | ","")&IF(LEN(IF(H12="Sim",Itens!$C$5&" ("&Itens!$D$5&", até "&Itens!$E$5&")",""))>0,IF(H12="Sim",Itens!$C$5&" ("&Itens!$D$5&", até "&Itens!$E$5&")","")&" | ","")
I13: =IF(LEN(IF(E13="Sim",Itens!$C$2&" ("&Itens!$D$2&", até "&Itens!$E$2&")",""))>0,IF(E13="Sim",Itens!$C$2&" ("&Itens!$D$2&", até "&Itens!$E$2&")","")&" | ","")&IF(LEN(IF(F13="Sim",Itens!$C$3&" ("&Itens!$D$3&", até "&Itens!$E$3&")",""))>0,IF(F13="Sim",Itens!$C$3&" ("&Itens!$D$3&", até "&Itens!$E$3&")","")&" | ","")&IF(LEN(IF(G13="Sim",Itens!$C$4&" ("&Itens!$D$4&", até "&Itens!$E$4&")",""))>0,IF(G13="Sim",Itens!$C$4&" ("&Itens!$D$4&", até "&Itens!$E$4&")","")&" | ","")&IF(LEN(IF(H13="Sim",Itens!$C$5&" ("&Itens!$D$5&", até "&Itens!$E$5&")",""))>0,IF(H13="Sim",Itens!$C$5&" ("&Itens!$D$5&", até "&Itens!$E$5&")","")&" | ","")
... I301: =IF(LEN(IF(E301="Sim",Itens!$C$2&" ("&Itens!$D$2&", até "&Itens!$E$2&")",""))>0,IF(E301="Sim",Itens!$C$2&" ("&Itens!$D$2&", até "&Itens!$E$2&")","")&" | ","")&IF(LEN(IF(F301="Sim",Itens!$C$3&" ("&Itens!$D$3&", até "&Itens!$E$3&")",""))>0,IF(F301="Sim",Itens!$C$3&" ("&Itens!$D$3&", até "&Itens!$E$3&")","")&" | ","")&IF(LEN(IF(G301="Sim",Itens!$C$4&" ("&Itens!$D$4&", até "&Itens!$E$4&")",""))>0,IF(G301="Sim",Itens!$C$4&" ("&Itens!$D$4&", até "&Itens!$E$4&")","")&" | ","")&IF(LEN(IF(H301="Sim",Itens!$C$5&" ("&Itens!$D$5&", até "&Itens!$E$5&")",""))>0,IF(H301="Sim",Itens!$C$5&" ("&Itens!$D$5&", até "&Itens!$E$5&")","")&" | ","")

Sheet Como usar
A1: Jornal da Inteligência n.º 4 · 20/10/2026 — Triagem da carteira
A2: 1. Na aba Carteira, cole a lista de clientes (nome, CNPJ, regime, setor) — uma linha por cliente.
A3: 2. Para cada item da edição, responda Sim ou Não à pergunta do cabeçalho.
A4: 3. A coluna "O que fazer" mostra, para cada cliente, as ações da semana, onde fazer e até quando.
A5: 4. Filtre a coluna "O que fazer" (não vazia) e distribua as tarefas na equipe.
A7: A planilha não calcula tributo nem substitui a análise de cada caso. Os dados ficam no seu computador: nada é enviado a ninguém.
A8: Silva Correia Inteligência Fiscal · scinteligenciafiscal.com.br · edição aberta: https://scinteligenciafiscal.com.br/jornal/edicao-004.html

Sheet Itens
A1: Item | B1: Pergunta (Sim/Não) | C1: O que fazer | D1: Onde | E1: Até | F1: Fonte oficial
A2: 1 | B2: O cliente pediu a opção para 2027 e recebeu algum Termo de Indeferimento? | C2: Listar as pendências de cada Termo e regularizar todas, conferindo a baixa no dia seguinte | D2: Portal do Simples Nacional > Acompanhamento da Opção pelo Simples Nacional | E2: 30/10/2026 | F2: https://www.gov.br/receitafederal/pt-br/assuntos/noticias/2026/outubro/a-receita-federal-divulga-a-atualizacao-dos-numeros-referentes-as-solicitacoes-de-opcao-pelo-simples-nacional-e-pelo-regime-regular-do-ibs-e-da-cbs
A3: 2 | B3: Mais da metade do faturamento do cliente vai para empresas do Presumido ou do Real? | C3: Simular o regime regular de IBS e CBS e registrar por escrito a decisão do cliente | D3: Portal do Simples Nacional > Opção pelo regime regular de IBS e CBS > Solicitar Opção | E3: 30/10/2026 | F3: https://www8.receita.fazenda.gov.br/SimplesNacional/Arquivos/manual/Manual%20op%C3%A7%C3%A3o%20regime%20regular%20IBS%20e%20CBS%20no%20Simples%20Nacional.pdf
A4: 3 | B4: O cliente tem FGTS ou contribuição da LC 110 inscritos em dívida ativa? | C4: Consultar as inscrições e a capacidade de pagamento e simular a adesão | D4: Regularize > Negociar Dívida > Acesso ao Sistema de Negociações > Adesão > Transação | E4: 29/01/2027 | F4: https://www.gov.br/pgfn/pt-br/servicos/orientacoes-contribuintes/acordo-de-transacao/transacao-de-inscricoes-em-divida-ativa-do-fgts-e-contribuicoes-sociais-instituidas-pela-lc-ndeg-110-2001
A5: 4 | B5: O cliente presta serviço e ainda não emitiu nenhuma nota pelo Emissor Nacional? | C5: Emitir uma nota de teste e conferir o acesso gov.br ou o certificado do cliente | D5: Emissor Nacional da NFS-e (nfse.gov.br/EmissorNacional) > acesso gov.br, certificado ou usuário e senha > emissão de NFS-e | E5: 30/10/2026 | F5: https://www.gov.br/receitafederal/pt-br/assuntos/noticias/2026/agosto/simples-nacional-nfs-e-nacional-sera-obrigatoria-para-me-e-epp-a-partir-de-1o-de-novembro-de-2026
